{"cameraMode":{"drawMode":0,"name":"Shaded","section":"Shading Mode"},"sceneLighting":false,"audioPlay":false,"sceneViewState":{"showFog":true,"showMaterialUpdate":true,"showSkybox":true,"showFlares":true,"showImageEffects":true,"showParticleSystems":true},"in2DMode":false,"pivot":{"x":-2.5365724563598635,"y":20.616046905517579,"z":-5.675082206726074},"rotation":{"x":0.005592478439211845,"y":0.6970499157905579,"z":-0.7169951796531677,"w":0.005427976604551077},"size":17.020811080932618,"orthographic":false}