{"cameraMode":{"drawMode":0,"name":"Shaded","section":"Shading Mode"},"sceneLighting":false,"audioPlay":false,"sceneViewState":{"showFog":true,"showMaterialUpdate":true,"showSkybox":true,"showFlares":true,"showImageEffects":true,"showParticleSystems":true},"in2DMode":false,"pivot":{"x":-27.059999465942384,"y":0.0,"z":3.2899999618530275},"rotation":{"x":0.0012036461848765612,"y":0.7422335743904114,"z":-0.6701398491859436,"w":0.0013331510126590729},"size":91.64160919189453,"orthographic":false}