{"cameraMode":{"drawMode":0,"name":"Shaded","section":"Shading Mode"},"sceneLighting":false,"audioPlay":false,"sceneViewState":{"showFog":true,"showMaterialUpdate":true,"showSkybox":true,"showFlares":true,"showImageEffects":true,"showParticleSystems":true},"in2DMode":false,"pivot":{"x":11.861109733581543,"y":0.0,"z":0.5489499568939209},"rotation":{"x":-0.12098772823810578,"y":0.858971357345581,"z":-0.23771941661834718,"w":-0.4370850920677185},"size":8.933420181274414,"orthographic":false}