{"cameraMode":{"drawMode":0,"name":"Shaded","section":"Shading Mode"},"sceneLighting":false,"audioPlay":false,"sceneViewState":{"showFog":true,"showMaterialUpdate":true,"showSkybox":true,"showFlares":true,"showImageEffects":true,"showParticleSystems":true},"in2DMode":false,"pivot":{"x":48.15117645263672,"y":10.194278717041016,"z":-3.881295680999756},"rotation":{"x":0.4684816896915436,"y":0.06482883542776108,"z":-0.03449992462992668,"w":0.8804284334182739},"size":7.838850498199463,"orthographic":false}